{"cameraMode":{"drawMode":0,"name":"Shaded","section":"Shading Mode"},"sceneLighting":false,"audioPlay":false,"sceneViewState":{"showFog":true,"showMaterialUpdate":false,"showSkybox":true,"showFlares":true,"showImageEffects":true,"showParticleSystems":true},"in2DMode":false,"pivot":{"x":-0.9662367105484009,"y":0.13418281078338624,"z":-0.8129072189331055},"rotation":{"x":0.10501879453659058,"y":-0.11429530382156372,"z":0.012149638496339322,"w":0.9878056645393372},"size":1.7147303819656373,"orthographic":false}