{"cameraMode":{"drawMode":0,"name":"Shaded","section":"Shading Mode"},"sceneLighting":false,"audioPlay":false,"sceneViewState":{"showFog":true,"showMaterialUpdate":false,"showSkybox":true,"showFlares":true,"showImageEffects":true,"showParticleSystems":true},"in2DMode":false,"pivot":{"x":-0.0383952260017395,"y":0.0,"z":0.02992379665374756},"rotation":{"x":0.015396569855511189,"y":-0.9801156520843506,"z":0.08431174606084824,"w":0.17896348237991334},"size":4.16786003112793,"orthographic":false}