{"cameraMode":{"drawMode":0,"name":"Shaded","section":"Shading Mode"},"sceneLighting":false,"audioPlay":false,"sceneViewState":{"showFog":true,"showMaterialUpdate":false,"showSkybox":true,"showFlares":true,"showImageEffects":true,"showParticleSystems":true},"in2DMode":false,"pivot":{"x":3.1570000648498537,"y":32.74800109863281,"z":0.27799999713897707},"rotation":{"x":-0.14116846024990083,"y":-0.8369269371032715,"z":0.2550666928291321,"w":-0.46321243047714236},"size":3.680593967437744,"orthographic":false}